<?xml version="1.0" encoding="UTF-8" standalone="yes"?>
<addon id="program.hypericious" version="3.7.9" name="Hypericious TV" provider-name="Hypericious">
	<requires>
		<import addon="xbmc.python" version="2.19.0"/>
		<import addon="script.module.requests"/>
		<import addon="script.myaddon.artwork"/>
		<import addon="script.myaddon.metadata"/>
		<import addon="script.module.metahandler"/>
		<import addon="service.iptvsimple.plugin.player" version="2.0.0"/>
	</requires>
	<extension point="xbmc.python.pluginsource" library="default.py">
		<provides>video</provides>
	</extension>
	<extension point="xbmc.service" library="pvr.py" start="[login|startup]"/>
	<extension point="xbmc.service" library="alarm.py" start="[login|startup]"/>
	<extension point="xbmc.addon.metadata">
		<summary>Hypericious TV</summary>
		<description></description>
		<platform>all</platform>
	</extension>
</addon>
